{
  "full_attention": {
    "4": {
      "norm_only": {
        "p_agree": 0.1,
        "p_top5": 0.13333333333333333,
        "avg_kl": 6.541133419672648,
        "agreed": 3,
        "total": 30
      },
      "next_input_norm": {
        "p_agree": 0.1,
        "p_top5": 0.16666666666666666,
        "avg_kl": 6.618779802322388,
        "agreed": 3,
        "total": 30
      }
    },
    "8": {
      "norm_only": {
        "p_agree": 0.1,
        "p_top5": 0.13333333333333333,
        "avg_kl": 6.376824760437012,
        "agreed": 3,
        "total": 30
      },
      "next_input_norm": {
        "p_agree": 0.03333333333333333,
        "p_top5": 0.06666666666666667,
        "avg_kl": 6.444654925664266,
        "agreed": 1,
        "total": 30
      }
    },
    "12": {
      "norm_only": {
        "p_agree": 0.1,
        "p_top5": 0.16666666666666666,
        "avg_kl": 6.4124295552571615,
        "agreed": 3,
        "total": 30
      },
      "next_input_norm": {
        "p_agree": 0.1,
        "p_top5": 0.13333333333333333,
        "avg_kl": 6.571481609344483,
        "agreed": 3,
        "total": 30
      }
    },
    "16": {
      "norm_only": {
        "p_agree": 0.1,
        "p_top5": 0.13333333333333333,
        "avg_kl": 6.4191871881484985,
        "agreed": 3,
        "total": 30
      },
      "next_input_norm": {
        "p_agree": 0.1,
        "p_top5": 0.1,
        "avg_kl": 6.714500315984091,
        "agreed": 3,
        "total": 30
      }
    },
    "20": {
      "norm_only": {
        "p_agree": 0.06666666666666667,
        "p_top5": 0.06666666666666667,
        "avg_kl": 6.204634586970012,
        "agreed": 2,
        "total": 30
      },
      "next_input_norm": {
        "p_agree": 0.06666666666666667,
        "p_top5": 0.06666666666666667,
        "avg_kl": 6.428585688273112,
        "agreed": 2,
        "total": 30
      }
    },
    "24": {
      "norm_only": {
        "p_agree": 0.1,
        "p_top5": 0.13333333333333333,
        "avg_kl": 5.981290618578593,
        "agreed": 3,
        "total": 30
      },
      "next_input_norm": {
        "p_agree": 0.03333333333333333,
        "p_top5": 0.06666666666666667,
        "avg_kl": 6.165751973787944,
        "agreed": 1,
        "total": 30
      }
    },
    "28": {
      "norm_only": {
        "p_agree": 0.13333333333333333,
        "p_top5": 0.13333333333333333,
        "avg_kl": 5.816924556096395,
        "agreed": 4,
        "total": 30
      },
      "next_input_norm": {
        "p_agree": 0.1,
        "p_top5": 0.1,
        "avg_kl": 5.922004834810893,
        "agreed": 3,
        "total": 30
      }
    },
    "32": {
      "norm_only": {
        "p_agree": 0.13333333333333333,
        "p_top5": 0.16666666666666666,
        "avg_kl": 5.8701964298884075,
        "agreed": 4,
        "total": 30
      },
      "next_input_norm": {
        "p_agree": 0.1,
        "p_top5": 0.1,
        "avg_kl": 6.100456571578979,
        "agreed": 3,
        "total": 30
      }
    },
    "48": {
      "norm_only": {
        "p_agree": 0.13333333333333333,
        "p_top5": 0.16666666666666666,
        "avg_kl": 4.510673304398854,
        "agreed": 4,
        "total": 30
      },
      "next_input_norm": {
        "p_agree": 0.13333333333333333,
        "p_top5": 0.23333333333333334,
        "avg_kl": 4.679076608022054,
        "agreed": 4,
        "total": 30
      }
    },
    "60": {
      "norm_only": {
        "p_agree": 0.5333333333333333,
        "p_top5": 0.8333333333333334,
        "avg_kl": 3.0503192459543547,
        "agreed": 16,
        "total": 30
      },
      "next_input_norm": {
        "p_agree": 0.5666666666666667,
        "p_top5": 0.8333333333333334,
        "avg_kl": 3.1351894152661166,
        "agreed": 17,
        "total": 30
      }
    },
    "36": {
      "norm_only": {
        "p_agree": 0.1,
        "p_top5": 0.16666666666666666,
        "avg_kl": 5.382944226264954,
        "agreed": 3,
        "total": 30
      }
    },
    "40": {
      "norm_only": {
        "p_agree": 0.2,
        "p_top5": 0.26666666666666666,
        "avg_kl": 4.694122626384099,
        "agreed": 6,
        "total": 30
      }
    },
    "44": {
      "norm_only": {
        "p_agree": 0.16666666666666666,
        "p_top5": 0.2,
        "avg_kl": 4.654176580905914,
        "agreed": 5,
        "total": 30
      }
    },
    "52": {
      "norm_only": {
        "p_agree": 0.23333333333333334,
        "p_top5": 0.43333333333333335,
        "avg_kl": 4.0054714997609455,
        "agreed": 7,
        "total": 30
      }
    },
    "56": {
      "norm_only": {
        "p_agree": 0.3,
        "p_top5": 0.5666666666666667,
        "avg_kl": 3.56416725118955,
        "agreed": 9,
        "total": 30
      }
    }
  },
  "deltanet_comparison": {
    "2": {
      "p_agree": 0.1,
      "p_top5": 0.13333333333333333,
      "avg_kl": 6.721671501795451,
      "agreed": 3,
      "total": 30
    },
    "6": {
      "p_agree": 0.1,
      "p_top5": 0.13333333333333333,
      "avg_kl": 6.42552220026652,
      "agreed": 3,
      "total": 30
    },
    "10": {
      "p_agree": 0.1,
      "p_top5": 0.13333333333333333,
      "avg_kl": 6.348251509666443,
      "agreed": 3,
      "total": 30
    },
    "14": {
      "p_agree": 0.1,
      "p_top5": 0.13333333333333333,
      "avg_kl": 6.464323409398397,
      "agreed": 3,
      "total": 30
    },
    "18": {
      "p_agree": 0.1,
      "p_top5": 0.13333333333333333,
      "avg_kl": 6.370399928092956,
      "agreed": 3,
      "total": 30
    },
    "22": {
      "p_agree": 0.1,
      "p_top5": 0.1,
      "avg_kl": 6.19729437828064,
      "agreed": 3,
      "total": 30
    },
    "26": {
      "p_agree": 0.13333333333333333,
      "p_top5": 0.13333333333333333,
      "avg_kl": 5.873599394162496,
      "agreed": 4,
      "total": 30
    },
    "30": {
      "p_agree": 0.1,
      "p_top5": 0.13333333333333333,
      "avg_kl": 5.846215828259786,
      "agreed": 3,
      "total": 30
    }
  },
  "config": {
    "prompts": 30,
    "model": "/home/ubuntu/models/Qwen3.5-27B",
    "exit_layers": [
      4,
      8,
      12,
      16,
      20,
      24,
      28,
      32,
      48,
      60
    ],
    "comparison_layers": [
      2,
      6,
      10,
      14,
      18,
      22,
      26,
      30
    ]
  }
}