{
  "probe_layers": [
    3,
    7,
    11,
    15,
    31,
    47
  ],
  "raw_plv": {
    "3": 0.016129032258064516,
    "7": 0.017137096774193547,
    "11": 0.026713709677419355,
    "15": 0.03276209677419355,
    "31": 0.09324596774193548,
    "47": 0.15826612903225806
  },
  "adapter_p_agree": {
    "3": 0.2518891687657431,
    "7": 0.2619647355163728,
    "11": 0.2594458438287154,
    "15": 0.327455919395466,
    "31": 0.28463476070528965,
    "47": 0.3677581863979849
  },
  "cosine_sim_with_L63": {
    "3": 0.28920111060142517,
    "7": 0.29795926809310913,
    "11": 0.3036762475967407,
    "15": 0.3056848645210266,
    "31": 0.3418925702571869,
    "47": 0.4107644259929657
  },
  "l2_dist_to_L63": {
    "3": 427.7146911621094,
    "7": 425.2056579589844,
    "11": 421.710693359375,
    "15": 419.69110107421875,
    "31": 413.11932373046875,
    "47": 399.6991882324219
  },
  "total_tokens": 1984,
  "num_prompts": 12,
  "model": "/home/ubuntu/models/Qwen3.5-27B",
  "adapter_arch": "Linear(5120,10240)->GELU->Linear(10240,5120)+residual, 52M params"
}